{
    "5m": {
        "config": {
            "rsi_period": 14,
            "oversold": 35,
            "overbought": 65,
            "pivot_lookback": 3,
            "max_bars": 25,
            "sl": 0.3,
            "tp": 0.6
        },
        "metrics": {
            "total_trades": 19,
            "win_rate_pct": 36.84210526315789,
            "net_profit_pct": -1.799595202049299,
            "max_drawdown_pct": 2.1882162784856383,
            "profit_factor": 0.525193302785115,
            "sharpe_ratio": -2.697376723885682,
            "avg_trade_pnl_pct": -0.09496914014937509
        }
    },
    "15m": {
        "config": {
            "rsi_period": 14,
            "oversold": 35,
            "overbought": 65,
            "pivot_lookback": 3,
            "max_bars": 25,
            "sl": 0.8,
            "tp": 1.0
        },
        "metrics": {
            "total_trades": 10,
            "win_rate_pct": 60.0,
            "net_profit_pct": 0.9816801785613352,
            "max_drawdown_pct": 1.5580728365741514,
            "profit_factor": 1.4335095037520182,
            "sharpe_ratio": 1.732970479432658,
            "avg_trade_pnl_pct": 0.09981418442409948
        }
    },
    "1h": {
        "config": {
            "rsi_period": 14,
            "oversold": 40,
            "overbought": 60,
            "pivot_lookback": 3,
            "max_bars": 25,
            "sl": 0.3,
            "tp": 1.6
        },
        "metrics": {
            "total_trades": 5,
            "win_rate_pct": 20.0,
            "net_profit_pct": 0.2508120996515936,
            "max_drawdown_pct": 0.8138259572696358,
            "profit_factor": 1.3153403077291765,
            "sharpe_ratio": 0.7429330050931817,
            "avg_trade_pnl_pct": 0.051466211690064004
        }
    }
}
